first_name,middle_name,last_name,username,password,confirm_password,email,contact_number,display_name,address
Brian May,Espiritu,Sebastian,ayumi,password,ayumi,brianmaysebastian@gmail.com,9560590359,Brian May Sebastian,Quezon City
jayvee,ewan,ewan,jayvee,pass,pass,jayvee@gmail.com,967123873,Jayvee Pogi,Taguig City
Kurt Jhaive,Alinas,Saldi,kurt05,kurt05,kurt05,saldikurtjhaive@gmail.com,9927249656,Kurt Jhaive,156 Champaca St. Paliwas Obando Bulacan
Kurt Jhaive,Alinas,Saldi,kurt05,kurt05,kurt05,saldikurtjhaive@gmail.com,9927249656,Your name,Your address
Marie,Oraya,Edusma,mc_edusma,pass,pass,mariecrisedusma@gmail.com,9502751330,Marie Cris,Quezon City
Pogi,Ako,Super,briansuhh,password,pass,brianmaysebastian@gmail.com,9560590359,Pogi,Quezon City
