first_name,middle_name,last_name,username,password,confirm_password,email,contact_number,display_name,address
Brian May,Espiritu,Sebastian,ayumi,ave,ayumi,brianmaysebastian@gmail.com,9560590359,Brian May Sebastian,Quezon City
jayvee,ewan,ewan,jayvee,pass,pass,jayvee@gmail.com,967123873,Jayvee Pogi,Taguig City
Kurt Jhaive,Alinas,Saldi,kurt05,kurtpogi,kurtpogi,saldikurtjhaive@gmail.com,9927249656,Kurt Jhaive,156 Champaca St. Paliwas Obando Bulacan
Kurt Jhaive,Alinas,Saldi,kurt05,kurtpogi,kurtpogi,saldikurtjhaive@gmail.com,9927249656,Your name,Your address
Marie Cris,Oraya,Edusma,ish,ave,catlover,brianmaysebastian@gmail.com,9560590359,Ish,Taguig City
Avegail,Concepcion,De jesus,ave.pretty,ave,aveganda,brianmaysebastian@gmail.com,9982479012,Avi,Quezon City
